CODIGOPACI,DESCRIP
5/1,       ******     Fecha: 25/02/2011   --   Atendido Por: EUGE  Alopecia en el ojo derecho (carne viva) tto:dexa 1.5ml+enro 2ml+cefalexina 1000mg 1/4 de comprimido cada 12hs.
7/1,"       ******     Fecha: 26/02/2011   --   Atendido Por: EUGE  piodermia en muslo izquierdo trat: dexam + iodo local+cefalex 125  1/2 compr cada 12 hs          ******     Fecha: 09/08/2011   --   Atendido Por: EUGE  peso: 2, 800 kg   la sirvio ayer un perro   tto: cp estradiol       ******     Fecha: 02/08/2013   --   Atendido Por: MARCE  peso 2.5kg las lesiones estan mejor, no esatn tan rojas y esta creciendo el pelo. "
9/1,"       ******     Fecha: 26/02/2011   --   Atendido Por: EUGE  quintuple+ antirrabica+ basken+ perfos pipeta       ******     Fecha: 03/02/2015   --   Atendido Por: CLARA  pv: 25.300kg. se clavo una caña en la axila derecha, hace mas de diez dias, en una veterinaria le dieron cefa 500 para q le den un comprimido por dia . dar cefa 1000 3/4 de comprimido cada 12hs, limpuieza con yodo dentro de la herida. control el viernes(control avisado).        ******     Fecha: 06/02/2015   --   Atendido Por: CLARA  la herida cerro casi pero ahora que desinflamo se palpa un pedazo de caña que quedo adentro, la traen mañana para extraersela.       ******     Fecha: 07/02/2015   --   Atendido Por: CLARA  Se extrae el trozo de caña, se hace dexa tramadol y dipenisol yy sigue con cefa en la casa, control el lunes       ******     Fecha: 09/02/2015   --   Atendido Por: CLARA  herida muy bien, seguir con atb hasta sacar los puntos. control el jueves.       ******     Fecha: 17/02/2015   --   Atendido Por: MERY  avisaron que vienen a control el miercoles.       ******     Fecha: 18/02/2015   --   Atendido Por: MERY  se le realiza extraccion de puntos         ******     Fecha: 15/07/2017   --   Atendido Por: TERE  Peso 24kg. Conjuntivitis en ojo derecho, fluoresceina neg. Ocubiotic cada 8hs. control lunes.         ******     Fecha: 17/07/2017   --   Atendido Por: TERE  Esta muchisimo mejor. Seguir cada 8hs con el colirio hasta el miercolesa inclusive, luego cada 12hs y contriol el jueves.       ******     Fecha: 29/08/2019   --   Atendido Por: RODRIGO  24.250 Kg - Tumor mamario ulcerado. Se recomienda cirugia ya que su crecimiento ha sido rapido. Se medica con Dexa y Tramadol inyectable. Previcox + Cefa via oral.   Control: Lunes 01/09"
3/1,"       ******     Fecha: 09/09/2008   --   Atendido Por: EUGE  no puede defecar,bolo fecal tto:vaselina 3/4 veces al dia         ******     Fecha: 27/03/2010   --   Atendido Por: EUGE  prurito en todo el cuerpo + piodermia en MP   tto:triamcinolona 0.8ml+ enro 150mg 1/2 compr c/24hs+proplan sensitive         ******     Fecha: 26/04/2010   --   Atendido Por: NOE  eritema en zona ventral,dermatitis por contacto.peso:14kg         ******     Fecha: 17/12/2010   --   Atendido Por: NOE  esta decaido,inapetente,mucho dolor abdominal,tº 40.5   tto:dipenisol+buscapina         ******     Fecha: 20/12/2010   --   Atendido Por: EUGE  sigue igual,mucho dolor abdominal,tº 40.5   tto:dipenisol+enro+buscapina+hepatone,se saca sangre y se indica una ecografia abdominal         ******     Fecha: 20/12/2010   --   Atendido Por: NOE  eco:hepatomegalia+proceso inflamatorio:colongiohepatitis  analisis de sangre: gr: 5.880.000  hto; 42  hb:17  gb:10.600 urea:30  creat:0.95  gpt:95  fal:369                      ******     Fecha: 21/12/2010   --   Atendido Por: EUGE  lleva novotioc 50, 1comprimido c/24hs+dipenisol+enro tº40.5           ******     Fecha: 31/12/2010   --   Atendido Por: EUGE  analisis de sangre control: gpt: 222     tto:ciprofloxacina 3/4 de comprimido c/12hs+ ac.ursodexoc. 1/2 comprimido c/12hs           ******     Fecha: 13/01/2011   --   Atendido Por: NOE  analisis de sangre control: got: 27 gpt: 101 ggt: 265           ******     Fecha: 26/02/2011   --   Atendido Por: EUGE  analisis de sangre control: gr: 4.620.000 hto: 33 hb: 12.1 gb: 9.400 creat: 0.60 fal: 83 got: 38 gpt: 33. peso:12kg         ******     Fecha: 11/06/2011   --   Atendido Por: EUGE  peso:  13 kg  frontline  + lleva hepatic          ******     Fecha: 05/09/2011   --   Atendido Por: EUGE  temp: 36,5  decaimiento  -mucho dolor abdominal-  ictericia -vomitos -internacion"
2/1,"       ******     Fecha: 20/11/2008   --   Atendido Por: EUGE  decaimiento+diarre con sangre+vomito y mucho dolor abdominal-tiene hipotiroidismo congenito esta medicada.  tto:se interna         ******     Fecha: 22/11/2008   --   Atendido Por: EUGE  mucho mejor, no volvio a hacer materia fecal con sangre,ni vomito..peso 10.5 kg,se va con enro y dieta de arroz con carne         ******     Fecha: 09/04/2009   --   Atendido Por: EUGE  otitis bilateral tto:formula mcdonals+lavados con clorexidina+cefalexina 1/2 comprimido c/12hs         ******     Fecha: 14/10/2009   --   Atendido Por: EUGE  lesiones costrosas en piel+eritema en panza y axilas  tto:cefalexina !74 comprimido c/12hs+dexa 0.8ml + baños con dermoxilpeso:12.300kg           ******     Fecha: 08/01/2010   --   Atendido Por: EUGE  castraccion         ******     Fecha: 02/02/2010   --   Atendido Por: EUGE  lesion eritematosa+prurito en zona de la vulva+abdomen   tto:cefalexina+dexa+prednisolona 10mg 1/2 comprimido c/12hs         ******     Fecha: 26/03/2010   --   Atendido Por: EUGE  pustulas en abdomen tto:enro 150gm c/12hs+prednisolona+baños con formula mcdonals         ******     Fecha: 31/08/2010   --   Atendido Por: NOE  conjuntivitis bilateral tto:ocubiotic con esteroide 1 gota c/8hs         ******     Fecha: 08/10/2010   --   Atendido Por: NOE  esta con muchas papulas distribuidas por todo el cuerpo,se rasca bastante.peso 16kg  tto:dexa+enro 150mg+shampoo mcdonals baño c/3dias         ******     Fecha: 19/11/2010   --   Atendido Por: NOE  dermatitis exudativa debajo del MAD (axila) y debajo del cuello  tto:dexa+enro+1/2 comprimido de prednisolona 20mg c/12hs         ******     Fecha: 03/01/2011   --   Atendido Por: EUGE  mismo problema de piel que al vez pasada.tto cefealexina 500mg 1 comprimido cada 12hs+prednisolona 20mg 1/4 comprimido cada 12hs.+ baños.         ******     Fecha: 18/01/2011   --   Atendido Por: NOE  esta mucho mejor,las lesiones estan secas,seguir con los baños y se empieza tto de antibiotico en pulso,1 comprimido c/12hs durante 2 dias por semana           ******     Fecha: 24/02/2011   --   Atendido Por: NOE  esta con la misma lesion de siempre en el abdomen tto:cefalexina+dexa       ******     Fecha: 01/04/2011   --   Atendido Por: NOE  dermatitis exudativa debajo del cuello tto:dexa+1 comprimido de cefalexina+prednisolona 20mg c/12hs.control lunes       ******         Fecha: 02/04/2011   --   Atendido Por: EUGE  esta muy sequita   seguir con crema 6A    3 veces por dia  control lunes         ******     Fecha: 21/01/2012   --   Atendido Por: EUGE  peso: 17, 900  kg    otitis en oido izq    supurativa    tto: dexam +   prednisolona 20 mg     1/2 compr cada 12 hs  - cefalexina 1000 mg  1/2 compr cada 12  hs  - t4  200 microgr cada 12 hs    control lunes          ******     Fecha: 23/01/2012   --   Atendido Por: EUGE  esta  mucho mejor   - comenzar con otiflex c y limpiador    control  sabado            ******     Fecha: 16/04/2012   --   Atendido Por: EUGE  esta con piodermia en el cuello  tto: dexam +  enro 150 mg 1 compr cada 24 hs  - iodo local    control miercoles          ******     Fecha: 21/07/2012   --   Atendido Por: EUGE  anoche tuvo sangrado bilateral de la nariz    , al examen clinico no se observa  nada .  controlarla          ******     Fecha: 22/09/2012   --   Atendido Por: EUGE  piodermia en las  4 patas  - cara  - todo el cuerpo   raspaje: demodex +++++++++  tto: ivermectina via oral 0,7 ml  + cefalexina  500 mg  cada 12 hs    + baños con mac donald  2 veces por semanas     control martes          ******     Fecha: 01/07/2013   --   Atendido Por: EUGE  peso:  13, 200 kg   piodermias  en pulpejos   tto: cefalexina 500 mg 1/2 compr cada 12 hs + azadieno cada 7 dias + ivermectina via oral 0,6 ml por dia        ******     Fecha: 06/07/2013   --   Atendido Por: EUGE  esta muy bien , sequito  seguir con antiotico + pediluvio  con  azadieno   control miercoles         ******     Fecha: 04/04/2015   --   Atendido Por: EUGE  TEMP: 39  DISNEA , CONVULSIONES  1 VEZ A LA SEMANA , arritmia , decaimiento . se indica placacde vtorax + analisi de sangre + electro .  se llevan diazepan para plas convulsionews hasta ver los resultados de los analisis . eutanasia. "
11/1,"       ******     Fecha: 21/02/2011   --   Atendido Por: EUGE  vomito y diarrea - buen animo - tº39.tto pileran y dieta de agua unicamente         ******     Fecha: 22/02/2011   --   Atendido Por: NOE  esta mucho mejor,no volvio a vomitar, tº38       ******     Fecha: 26/02/2011   --   Atendido Por: EUGE  edema palpebral del ojo izquierdo- picadura de insecto tto:dexa 0.4ml       ******     Fecha: 21/03/2011   --   Atendido Por: EUGE  peso:7,300 kg       ******     Fecha: 09/04/2011   --   Atendido Por: NOE  lo piso un bicho,edema de labios,anafilaxia tto:dexa peso:9kg              ******     Fecha: 11/07/2011   --   Atendido Por: EUGE  tiene errojecido debajo de las axilas y en miembros posteriores.hongos?tratamiento crema 6A 3 veces al dia         ******     Fecha: 19/07/2011   --   Atendido Por: EUGE  esta  mucho mejor seguir con crema hasta el sabado         ******     Fecha: 07/08/2011   --   Atendido Por: EUGE  lo atropello un auto  - al examen fisico todo  bien   unicam   claudicac. de miembro ant  izquierdo  tto: dexa - tramadol           ******     Fecha: 08/08/2011   --   Atendido Por: NOE  sigue con un poquito de dolor en el MA,a la maniobra no expresa dolor,pero al caminar claudica.peso:21.300kg tto:previcox por 2 dias control miercoles         ******     Fecha: 24/12/2011   --   Atendido Por: NOE  peso:23kg,dice que tose y larga flema,aca no se lo puede hacer toser.tiene irritado un poco el cuello y axila.se indica bañar con shampoo mcdonal 2 a 3 vecs por semana         ******     Fecha: 06/04/2012   --   Atendido Por: EUGE  reaccion anafilactica  tto: dexam          ******     Fecha: 16/04/2012   --   Atendido Por: NOE  antirabica y quintuple pagadas         ******     Fecha: 21/04/2012   --   Atendido Por: NOE  peso:24.200kg       ******     Fecha: 24/01/2013   --   Atendido Por: SOFI  27,600. oidos bastante inflamados con algo de secresion. control sbdo/lunes. tt:dexa iny y vemos.       ******     Fecha: 17/08/2013   --   Atendido Por: EUGE  peso: 27  kg        ******     Fecha: 14/09/2013   --   Atendido Por: MARCE  dermatitis en abd por delante del pene y en el cuello. La primera esta muy irritada, dice que se rasca y lame mucho. Dice que todos los años le sale lo mismo cuando empieza el calor. se hace dexa y se indica pioderm 1000 1 comp c/12hs. control el lunes. limpìar con iodo y evitar que se lama. usar crema 6a tres veces por dia.       ******     Fecha: 23/09/2013   --   Atendido Por: EUGE  esta mejor , seguir con crema 6 a  3 veces por dia   control jueves          ******     Fecha: 07/07/2014   --   Atendido Por: EUGE  peso: 24, 600 kg  otitis bilateral , secrecion a marronada  tto: dexam + limpieza con trithoexidin   1 vez por  dia  .        ******     Fecha: 11/07/2014   --   Atendido Por: EUGE  Esta mejor, ya no se sacude tanto, hay menos secrecion, control el viernes q viene.       ******     Fecha: 26/08/2014   --   Atendido Por: EUGE  peso: 24, 250 kg  cayos en los dos miembros posteriores , infectados  too: dexam + cefalexina 1000 mg 1 compr cada 12 hs  control jueves  otitis bilateral alergicaq       ******     Fecha: 27/01/2017   --   Atendido Por: GISE  sigue supurando el callo, los oidos estan mas desinflamados pero rojizo sin secrecion, vomito dos veces, tto gastrine y se recomendo que le dieran el atb con algo de comida, se indico old prince, control mañana       ******     Fecha: 30/01/2017   --   Atendido Por: EUGE  sigue con mucha pus en el codo , se sgrega dipenisol cada 48 hs   control jueves        ******     Fecha: 02/02/2017   --   Atendido Por: GISE  esta mejor, pero sigue supurano, se realizo dipenisol y sigue con cefa + predni, control sabado       ******     Fecha: 21/02/2017   --   Atendido Por: GISE  le cortaron el tratamiento y volvio con los callos supurando tto dexa + dipenisol + cefa de 1000mg + predni, control viernes       ******     Fecha: 25/02/2017   --   Atendido Por: GISE  estan mucho mejor pero sigue con un poco de secrecion purulenta se recomendo limpieza dos veces por dia, seguir con cefa + predni, control martes       ******     Fecha: 08/03/2017   --   Atendido Por: GISE  sigue con secrecion en los calllos, no le liompian muy seguido tto cefa, control martes       ******     Fecha: 14/03/2017   --   Atendido Por: EUGE  esta mucho mejor , pero sigue supurando  tto: seguir con cefalexina i limpieza con iodo , control martes        ******     Fecha: 05/04/2017   --   Atendido Por: EUGE  sigue con secrecion , seguir  con aqntibiotico  control jueves        ******     Fecha: 17/04/2017   --   Atendido Por: EUGE  esta mejor pero le falta, agrego baytril 150 un comp por dia. control el jueves.       ******     Fecha: 26/05/2018   --   Atendido Por: CECI  pv:25,5 kgs  foliculitis profunda(piodermia profunda)  inflamada la dermis y por poros exuda pu,comedones  tto:dexametasona,dipenisol  cefalexina 1 gr 3/4 comp cada 12 hrs  a partir de mañana previcox de 227 mgs 1 comp  lunes control  repetir dipenisol         ******     Fecha: 29/05/2018   --   Atendido Por: CECI  piodermias profunda  dipenisol  cefalexina 1 gr cada 12 hrs  previcox 227 mgs 1 comp cada 24 hrs  control lunes       ******     Fecha: 23/12/2019   --   Atendido Por: EUGE  Peso: 26, 800 kg   Claudica con la mano derecha...TIENE UNA ''HERIDA''INTERDIGITAL  con inflamacion y pus?  Se lleva marboflox 80 mg   3/4 comp c/24 hs.  TT: Dexa,Tramadol y  Dipe.  COntrol mañana.         ******     Fecha: 04/11/2020   --   Atendido Por: EUGE  Peso: 25 kg   tos de las perreras , reflejo tusigeno positivo   temp: 39,1   conjuntivitis   tto: ocubiotic con esteroides 1 gota en cada ojo cada 6 horas   dexa iny   se ausculta una arritmia ???   control mañana          ******     Fecha: 05/11/2020   --   Atendido Por: EUGE  esta m,ejor , no tosio mas , asi que no seguimos con prednisolona   se ausculta la rritmia , se indica consulta con cvardiologa   control jueves por la conjuntivitis        ******     Fecha: 11/11/2020   --   Atendido Por: EUGE  9       ******     Fecha: 13/01/2021   --   Atendido Por: SEBA  Peso 23 kg.   Tº 39.    Desde ayer que esta inapetente...  Hoy esta deprimido...  No ha comido en todo el dia...  Toma agua...    Volvio a toser ayer...      El termometro sale negro...    Reflejo tusigeno positivo...tos seca...    No hay dolor abdominal  Pis de apariencia normal.  Se palapa un riñon mas grande de lo normal...  Mucosas normales.  Nodulos linfaticos s/p    Auscultacion cardiaca...arritmia muy marcada y de tipo...???  NO esta tomando la medicacion recetada por la cardiologa(justo el antiarritmico)    Extraccion de sangre.  Glu: 105 mg/dl  Prot T  : 8 dl/g  COntrol mañana...?             ******     Fecha: 15/01/2021   --   Atendido Por: SEBA  Resultados.    Plaquetas 45000  urea 118         ******     Fecha: 15/01/2021   --   Atendido Por: SEBA  Peso 23,6 kg.      Mucho mejor.  Tiene mas fuerza.  Come solo.    COmenzo a tomar el sotalol    TT: predni 20 mg 1/2 com c/12 hs. y doxi 150 mg 1 y 1/2 comp.    control miercoles          ******     Fecha: 20/01/2021   --   Atendido Por: SEBA  PEso 21 kg...      Esta muchisimo mejor.  Esta co la medicacion cardiologica  y sigue con doxi...  control en 15 dias.             ******     Fecha: 06/03/2021   --   Atendido Por: SEBA  PEso 24,15 kg.    LE sangra un pezo.    Vendaje.  TT :dexa y dipenisol.  COntrol el lunes       ******     Fecha: 22/06/2021   --   Atendido Por: EUGE  peso: 21, 400 kg   se hace control  cardiologico , esta todo bien , se mantiene la misma dosisi de la medicacion   dermatitis con secrecionpurulenta en pecho , miembro post izquierdo ,   tto: dexa iny  + enro iny   enro 150 mg 1 1/2 compr cada 24 hs   control sabado        ******     Fecha: 26/06/2021   --   Atendido Por: EUGE  peso: 22, 100 kg    Esta bien.    sigue con enrro  COntrol el sabado        ******     Fecha: 03/07/2021   --   Atendido Por: SEBA  PEso 22,1 kg       De la dermatitis viene muy bien...  Sigue con enrro.      Vino con una claudicacion MP derecho..  Le duele a la extension de la rodilla.    TT: dexa y tramadol.        lleva previcox 227 mg 1/2 comp c/24 hs.  control el martes         ******     Fecha: 07/07/2021   --   Atendido Por: SEBA  Esta mucho mejor.  No claudica...  No hay dolor a la extension    DErmatitis en el cuello.    SIgue con enrro.    COntrol el viernes         ******     Fecha: 17/07/2021   --   Atendido Por: SEBA  Se le ha inflamado la piel del cuello.      TT:dexa y tramadol.-        Lleva clindamicina. 1 1/4 compr cada 12 hs   prednisolona 20 mg 1/4 compr cada 12 hs por 5 dias   Cntrol  martes        ******     Fecha: 22/07/2021   --   Atendido Por: SEBA  Peso 20,4 kg    Se ha desinflamado.  Estan secas las lesiones.    Sigue con la medicacion.  Control el jueves...       ******     Fecha: 02/09/2021   --   Atendido Por: SEBA  Peso 21,35 kg    Hace dos dias aprox que esta desganado.    Le toca este mes la consulta cardiologica.  Mucosas palidas y con petequias.    Come y toma.  No hay vomitos ni diarrea.        Extraccion de sangre    GLU 136 mg/dl.    COntrol mañana.         ******     Fecha: 04/09/2021   --   Atendido Por: SEBA    Hto 14 %  Plaquetas 25000  G.rojos 2.5000.000      Ayer se inicio la transfusion de sangre.    TT:dexa y enrro.       Lleva doxiciclina 150 mg 1 y 1/2 comp c/24 hs.                  Omeprazole 10 mg 1 comp c/24 hs.    COntrol el lunes.      HA regurgitado la comida(no sabemos si fue por comer mucho rapido y sin masticar, o hay otra cosa-megaesofago?)"
12/1,"       ******     Fecha: 01/03/2011   --   Atendido Por: EUGE  epistaxis  - internacion acedan-   extracion de sangre   temp  39,5"
13/1,"       ******     Fecha: 10/10/2007   --   Atendido Por: EUGE  temblequeo tº3907-buen animo tto hepatioc+diazepan         ******     Fecha: 12/05/2008   --   Atendido Por: EUGE  otitis del oido izquierdo..hisopado.malzecia y bacterias   tto:dexa+prednisolona+lavajes con clorhexidina         ******     Fecha: 11/04/2009   --   Atendido Por: EUGE  seborrea en el lomo y extremidades con olor..le pusieron la pipeta hace 1 mes,la bañoron con peroxido de benzoilo tto:ivermectina +amitraz         ******     Fecha: 02/07/2009   --   Atendido Por: EUGE  otitis bilateral tto:prednisolona 20mg +enro 150mr c/24hs+otiflex limpiador+otiflex c         ******     Fecha: 01/03/2011   --   Atendido Por: NOE  no la trajo dijo que ayer se rascaba mucho en la zona del lomo y hoy aparecio con un huequito,cree que esta con bichera.  tto:curabichera+dexa+cefalexina de 1gr, 1 comprimido cada 12hs         ******     Fecha: 31/03/2012   --   Atendido Por: NOE    PESO:34kg ,la trae porque se rasca,seborrea seca por toda el cuerpo,no hay alopecia tto:dexa + baños con formula mcdonals 3 veces por semana          ******     Fecha: 07/04/2012   --   Atendido Por: NOE  la baño hoy nomas,sigue con seborrea,no se rasca.lleva alimento         ******     Fecha: 20/07/2012   --   Atendido Por: NOE  lleva para 2da toma       ******     Fecha: 04/04/2014   --   Atendido Por: EUGE  Mucha salivacion, estaba decaida. Tº:39.5ºC, probable intoxicacion. tto: atropina+diazepam"
15/1,       ******     Fecha: 01/03/2011   --   Atendido Por: EUGE  otitis bilateral   tto:  dexa   mañana seguir con otiflex c y limpiador
16/1,"       ******     Fecha: 01/03/2011   --   Atendido Por: EUGE  se corto con un vidrio el MAD,se corto un tendon  tto:sedacion+sutura+vendaje+enro iny+dexa y tramadol.control mañana       ******     Fecha: 02/03/2011   --   Atendido Por: EUGE  apoya muy bien el pie +  enro 150 mg 1/2 compr cada 24 hs control viernes para sacar vendaje"
17/1,"       ******     Fecha: 30/04/2010   --   Atendido Por: NOE  presenta una masa de consistencia dura al lado de la mama toraxica izquierda..controlar si crece          ******     Fecha: 10/08/2010   --   Atendido Por: NOE  la notan decaida,inapetente,duerme todo el dia.tº 38,al examen esta todo normal,tiene las mamas con leche..pseudopreñes??controlar..la perra aca esta muy activa incluso comio balanceado         ******     Fecha: 28/02/2011   --   Atendido Por: EUGE  analisis de sangre: gr:5.600.000 hto:40 hb:16.8 gb:19.700 se observan neutrofilos toxicos                                     urea:41 creat:0.8 gpt:24 fa:214"
18/1,"       ******     Fecha: 04/11/2010   --   Atendido Por: NOE  en el MAD tiene una lesion redonda blanca encima de uno de los dedos tto:crema 6A 3 veces al dia.control martes         ******     Fecha: 10/11/2010   --   Atendido Por: NOE  le supura la lesion tto:pyoderm 500mg 1/2 comprimido c/12hs por 10 dias           ******     Fecha: 30/11/2010   --   Atendido Por: NOE  tiene una espina clavada adentro del ojo,transpasa la cornea,no le molesta,no hay ulcera.controlar         ******     Fecha: 28/12/2010   --   Atendido Por: NOE  tiene manchas alopecicas en la cabeza,dicen que cada vez la ven mas grandes.se hace raspaje: ++ a demodex.  tto:ivermectina oral 0.6ml 1 vez al dia.peso:19kg         ******     Fecha: 29/12/2010   --   Atendido Por: NOE  esta con diarrea y vomito..se suspende la ivermectina  tto:pileran+ranitidina+dipenisol+enro       ******     Fecha: 15/01/2011   --   Atendido Por: NOE    las alopecias abansaron por toda la cara y empezo a afectar los miembros anteriores.se modifica la dosis de ivermectina 1ml + baños semanales con azadieno         ******     Fecha: 28/01/2011   --   Atendido Por: NOE  otitis bilateral tto:otiflex limpiador+otiflex c         ******     Fecha: 09/02/2011   --   Atendido Por: NOE  modificacion de la dosis de ivermectina 1.50ml         ******     Fecha: 28/02/2011   --   Atendido Por: EUGE  gr:5.000.000 hto:36 hb:15.1 gb:18.400 se observan neutrofilos toxicos  urea:28 creat:0.60 gpt:68 fal:661         ******     Fecha: 06/07/2011   --   Atendido Por: NOE  se peleo con otro perro MAD tiene 2 tajos tto:sutura+ vendaje+dexa+cefelexina 500mg 2 comp cada 12hs.control sabado         ******     Fecha: 09/07/2011   --   Atendido Por: EUGE  esta ok  sacar puntos sabado         ******     Fecha: 06/08/2011   --   Atendido Por: EUGE  masa en nariz  lastimada  -  dexam + cefalexina 1000 mg  1 compr cada 12 hs  control martes         ******     Fecha: 31/08/2011   --   Atendido Por: EUGE  se extrajo la masa  el 26 de agosto   conjuntivitis    tto: colirio con est cada 8 hs"
19/1,"       ******     Fecha: 02/03/2011   --   Atendido Por: EUGE  otitis bilateral   alergica   sin secrecion-  trat:  dexametasona         ******     Fecha: 21/11/2011   --   Atendido Por: NOE  otitis del oido derecho tto:dexa 0.7ml control mañana peso:9.800kg         ******     Fecha: 23/11/2011   --   Atendido Por: NOE  anoche vomito,sigue inflamado el oido.tto:formula macdonals       ******     Fecha: 25/11/2011   --   Atendido Por: NOE         ******     Fecha: 23/10/2013   --   Atendido Por: EUGE  lo atropello un auto el  28- 09     luxacion coxofemoral  izquierda  no se hace cirugia           ******     Fecha: 19/11/2013   --   Atendido Por: MARCE  colotrin 1 comp c/24hs."
21/1,"       ******     Fecha: 02/03/2011   --   Atendido Por: NOE  hace dos dias que esta decaido,no quiere comer y esta con vomitos,esta deshidratado,hay dolor abdominal,tº38.5 al colocar el termometro sale diarrea con sangre  tto: internacion peso:9kg (pileran+ranitidina+buscapina+grupo B+glucosa+ivermectina+ ceftriaxona)+ analisis de sangre         ******     Fecha: 03/03/2011   --   Atendido Por: NOE  analisis de sangre: gr:5.600.000 hto:40 hb:16.1 gb:7.200         ******     Fecha: 08/03/2011   --   Atendido Por: NOE  se va de alta..lleva lata recovy + hacer dieta de arroz con carne.control mañana         ******     Fecha: 10/10/2012   --   Atendido Por: NOE  peso:25.500kg,lo trae porque lo notan decaido,esta con diarrea,sin vomitos,hay un poco de dolor abdominal,mucosas ok,dice que hace unos dias comio grasa.tto:buscapina+hepatic         ******     Fecha: 11/10/2012   --   Atendido Por: NOE  esta un poquito mas animado que ayer,sin dolor abdominal tº39,mucosas ok,ayer comio y hoy tbm y no vomito,lo trajo en auto y vomito,cinetocis??esta con largañas verdes,no tiene vacunas.se saca sangre.control mañana         ******     Fecha: 12/10/2012   --   Atendido Por: EUGE  esta con moco  - temp  40   - decaimiento - anorexia     tto: enro iny + dipenisol +  bisolvon + buscapina    control mañana          ******     Fecha: 13/10/2012   --   Atendido Por: EUGE  temp: 39, 5  esta un poquito mejor     tto: dipenisol + enro iny + bisolvon    enro compr 150 mg  1 compr cada 12 hs    control lunes         ******     Fecha: 17/10/2012   --   Atendido Por: NOE  MPD despues del inyectable intramuscular del sabdo se edematizo toda la pierne.tto.previcox"
22/1,"       ******     Fecha: 31/01/2007   --   Atendido Por: EUGE  alopecia generalizada, raspaje:demodex tto:ivermectina 0.5ml+baños con amitraz cada 72HS"
18/2,"       ******     Fecha: 03/01/2011   --   Atendido Por: NOE  esta con tos y mocos verdes tº38.5 tto:dexa + enro       ******     Fecha: 05/04/2018   --   Atendido Por: CECI  pv:30 kgs  bichera en oreja derecha profunda  se limpio y saco mucho  tto:dexametasona,dipenisol,ivermectina  cefalexina 1 grs cada 12 hrs  control 24 hrs  otitis bilateral       ******     Fecha: 07/04/2018   --   Atendido Por: CECI  se limpio y extrajo larvas ayer y hoy,ya con el oido desinflamado se nota que ha larvas en el interior de la oreja  sedacion y extraccion y limpieza  control lunes  esta con prednisolona 20 mgs 3/4 cada 12 hrs  aplicar curabichera       ******     Fecha: 09/04/2018   --   Atendido Por: CECI  limpieza en oreja,hay pus,3 larvas  dipenisol  control 24 hrs       ******     Fecha: 10/04/2018   --   Atendido Por: CECI  la oreja derecha de la miasis mucho mejor  la otra tto para otitis purulenta  tto:limpieza y otiflex c 2 veces por dia  dipenisol   control 24 hrs         ******     Fecha: 16/04/2018   --   Atendido Por: CECI  las orejas estan mucho mejor  seguir con el tto  control jueves       ******     Fecha: 23/04/2018   --   Atendido Por: CECI  estan muy bien sus orejas  seguir con limpieza y otifles  control mierc prox"
23/1,"       ******     Fecha: 30/11/2009   --   Atendido Por: EUGE  presenta tumoraciones en la mamas y en el MPD..indico extraerlas con cirugia con pre quirurgico       ******     Fecha: 15/12/2009   --   Atendido Por: EUGE  cirugia;extracion de cadena mamaria         ******     Fecha: 26/12/2009   --   Atendido Por: EUGE  histopatologia:tumor mixto maligno         ******     Fecha: 31/12/2009   --   Atendido Por: EUGE  dermatitis en muslo izquierdo y en MPD tto:iodo local+dexa+dipenisol+cefalexina 1 compeimido cada 12hs         ******     Fecha: 09/01/2010   --   Atendido Por: EUGE  lesion nueva,bastente humeda,seguir con cefalexina+dexa         ******     Fecha: 13/01/2010   --   Atendido Por: EUGE  sigue igaul se cambia a enrofloxacina+prednisolona           ******     Fecha: 03/03/2011   --   Atendido Por: NOE  tiene en el lado derecho de las mamas abdominales tumores,indico extraer la cadena mamaria+ castracion.a su vez,esta con una dermatitis por lamido en el MPD.tto:cefalexina 1 comprimido cada 12hs+dexa"
26/1,"       ******     Fecha: 25/02/2011   --   Atendido Por: EUGE  alopecia en ojo derecho , carne viva- trat: dexam 1 ml + enroflox+ cefalexina 1000 mg 1/4 cada 12 hs          ******     Fecha: 05/03/2011   --   Atendido Por: EUGE  mejor  seguir con antibiotica , crema 6 A  local 3 veces  por dia           ******     Fecha: 13/06/2012   --   Atendido Por: EUGE  peso: 13, 800 kg            ******     Fecha: 16/06/2012   --   Atendido Por: EUGE  cefalexia 500 mg  1 compr cada 12 hs  + prednis       crema 6 a local 3 veces por dia   olopecia lrededor del ojo en carne viva   .     control miercoles          ******     Fecha: 29/06/2012   --   Atendido Por: EUGE  esta mucho mejor seguir asi         ******     Fecha: 11/07/2012   --   Atendido Por: EUGE  esta muy bien seguir con crema 6 a 3 veces por dia   control miercoles       ******     Fecha: 06/02/2013   --   Atendido Por: ESTEBANNo trajo al paciente pero dice que tiene de nuevo el mismo problema. Se indico la toma de cefalexina+ prednisolona. Local crema 6A       ******     Fecha: 03/01/2014   --   Atendido Por: MARCE  Vino con la perrita. dice que hace un tiempo esta tomando cefalexina y prenisolona, pero tiene alopecia periocular y lesion humeda debajo del ojo. Se indica continuar con atb, pero control el lunes pra reevaluar tratamiento.       ******     Fecha: 15/03/2014   --   Atendido Por: CLARA  Peso:12.500kg. Sigue con el mismo problema de siempre en el ojo izquierdo, esta la carne viva, pus y mucho enrojecimiento. Se rasca mucho. Se hace dexa inyectable y que sigan con cefalexina..Control la semana q viene (quieren hablar con euge) Reevaluar tto xq cada vez q cortan el atb vuelve el problema.          ******     Fecha: 11/04/2014   --   Atendido Por: EUGE  se seda para toma de biopsia         ******     Fecha: 24/04/2014   --   Atendido Por: CLARA  Resultado biopsia: carcinoma de celulas escamosas, hiperplasia de glandulas sudoriparas. Se recomienda colocar protector solar factor alto alrededor del ojo+prednisolona 10mg 1/2comprimido cada 12hs.         ******     Fecha: 16/07/2014   --   Atendido Por: EUGE  cefalexina 500 mg 1 compr cada 12 hs        ******     Fecha: 21/07/2014   --   Atendido Por: EUGE  Esta bien. Seguir con cefalexina. Control el sabado.        ******     Fecha: 28/07/2014   --   Atendido Por: CLARA  Esta un poco roja la lesion y media humeda, la estuvo limpiando recien. se quedaron sin atb, se dan dos tiras mas. Control sabado x la mañana.       ******     Fecha: 20/08/2014   --   Atendido Por: EUGE         ******     Fecha: 20/08/2014   --   Atendido Por: EUGE  carcinoma de cel escamosas. Se hizo dexa, mañana a control       ******     Fecha: 21/08/2014   --   Atendido Por: CLARA  PESO: 13.600KG. Se empieza con prednisolona 10mg 1 comprimido por dia. Control el martes q viene. seguir tmb con crema local betacortil+pretector solar en el ojo afectado         ******     Fecha: 01/09/2014   --   Atendido Por: EUGE  esta muy bien bajar a 1/2 compr cada 24 hs  y control lunes       ******     Fecha: 11/09/2014   --   Atendido Por: CLARA  Empeoró, se sube la predni nuevamente a 1 comprimido por dia. Control en una semana,       ******     Fecha: 03/11/2014   --   Atendido Por: CLARA  herida muy fea, muy roja e infectada. peso:14.300. se suman atb, cefa 500 1 comprimido cada 12hs. seguir con predni tmb. control el viernes       ******     Fecha: 08/11/2014   --   Atendido Por: CLARA  no respondio a los atb..herida muy fea..se cambia cefa x enro 150 1/2 cada 24. y ver q pasa. control en una semana       ******     Fecha: 05/12/2014   --   Atendido Por: EUGE  herida bastante fea..dar predni 20mg 1/4 cada 12hs. control el martes q viene       ******     Fecha: 12/12/2014   --   Atendido Por: EUGE  seguir con la misma dosis de corticoide, control la semana q viene y ver de bajar la dosis. peso: 14 kg, se recomienda q empiecen a darle alimento light, esta muy gorda       ******     Fecha: 29/09/2016   --   Atendido Por: EUGE  peso: 11 kg        ******     Fecha: 30/09/2016   --   Atendido Por: ARIEL  esta mejor, se realiza impieza de ojo y se va con predni y cefalexina. media predni cada 12 hs por 5 dias, y 3/4 cefa de 500 cada 12 hs. colocar bloqueador solar       ******     Fecha: 06/10/2016   --   Atendido Por: ARIEL  esta mejor, deshinchada, seguir con predni cada 24 hs (1/2 comp) por 4 dias, cefa igual y control martes       ******     Fecha: 14/10/2016   --   Atendido Por: EUGE         ******     Fecha: 14/10/2016   --   Atendido Por: EUGE  sigue con predni medio cada 48 y cefa igual. control en una semana"
27/1,"       ******     Fecha: 30/10/2010   --   Atendido Por: EUGE  Tº40. Dolor abdominal. Decaimiento. Tto: Buscapina + Enrofloxacina inyectable          ******     Fecha: 01/11/2010   --   Atendido Por: EUGE  Tº 38.5. Dolor abdominal, Decaimiento y arcadas. Extraccion de sangre. Tto: buscapina    analisis de sangre: gr:5.180.000  hto:37 hb:10 gb:9.200 urea:40 creat:1 fal:421 gpt:116         ******     Fecha: 05/03/2011   --   Atendido Por: EUGE  Extracción de sangre. Tto: Tonico total    analisis de sangre: gr:5.460.000 hto:39 hb:15.1 gb:9.200 creat:0.73 urea:34 gpt:182 fal:350"
28/1,"       ******     Fecha: 30/10/2010   --   Atendido Por: EUGE  Tº 40, dolor abdominal. Decaimiento. Tto: buscapina, enrofloxacina inyectable       ******     Fecha: 01/11/2010   --   Atendido Por: EUGE  Extracción de sangre. Tº 38.5 decaimiento, dolor abdominal y arcadas. Tto: buscapìna         ******     Fecha: 05/03/2011   --   Atendido Por: EUGE  Extaccion de sangre.Tto: tonico total "
30/1,       ******     Fecha: 23/02/2011   --   Atendido Por: EUGE  Inflamacion de conjuntiva del ojo izquierdo y edema de cornea.   Fluoreceína -Tto: colirio con esteroide. Dexametasona + Tramadol       ******     Fecha: 24/02/2011   --   Atendido Por: EUGE  lleva oculobiotic con esteroide 1 gota cada 4 horas. Ctrl. Sabado
35/1,"       ******     Fecha: 05/03/2011   --   Atendido Por: EUGE  anovulatorio         ******     Fecha: 03/04/2012   --   Atendido Por: NOE  peso:20.800kg       ******     Fecha: 13/11/2012   --   Atendido Por: EUGE  esta con diarrea y ayer vomito  , no hay dolor abdominal     buen animo    tto:  enro iny  - pileran  - ranitidina   comenzar con arroz + carne     traer materia fecal          ******     Fecha: 14/11/2012   --   Atendido Por: NOE  esta mejor,tº39,no tuvo diarrea de nvo ni vomito,tto:enro iny si no vuelve a vomitar se da enro oral       ******     Fecha: 15/11/2012   --   Atendido Por: NOE  esta muy bien,no volvio a vomitar,ni hace diarrea.peso.22.70kg tto.enro 150mg 1 comp. cada 24hs       ******     Fecha: 20/05/2013   --   Atendido Por: MARCE  se abotono ayer: estradiol.        ******     Fecha: 17/06/2013   --   Atendido Por: EUGE  decaida, secrecion en la vulva. se indica ecografia. Control    peso: 21 , 650 kg         ******     Fecha: 01/11/2013   --   Atendido Por: ESTEBAN  Esta decaida e inapetente desde hace 2 dias. No tuvo ningun otro sintoma significativo. A la inspec tiene fiebre 39,6 º C leve dolor abdominal y un ganglio inguinal aumentado de tamaño?. Se medico solo con dipirona. Control por la tarde.        ******     Fecha: 01/11/2013   --   Atendido Por: MARCE  tº normal, no hubo modificaciones. No hizo caca. mucosas palidas. Se indica control. Evaluar complementarios.       ******     Fecha: 08/01/2014   --   Atendido Por: ESTEBAN  Tiene herida por mordedura en mejilla derecha. Se realiza rasurado y desinfeccion. Se medica con dipensiol+dexa+ivermectina. Control mañana.         ******     Fecha: 09/01/2014   --   Atendido Por: ESTEBAN  Peso: 21.600 Kg Esta mucho mejor!! Se medico c dipensiol+dexa iny. Se dan compr de emro 150 mg, 1,5 compr por dia por 7 dias control el prox viernes.        ******     Fecha: 17/01/2014   --   Atendido Por: ESTEBAN  La herida esta perfecta. Se da de alta. Se lleva pipeta anikil        ******     Fecha: 29/10/2014   --   Atendido Por: MERY  pelio con otra perra, realizo tricotomia + limpieza + antisepcia con iodo,herida en la mejilla derecha, dexa + dipènisol,para la casa se le da cefalexina  500 mg 1 comprimido cada 12 horas, volver a control.       ******     Fecha: 31/10/2014   --   Atendido Por: MERY  mucho mejor herida evoluciona bien. continuar con antibiotico, control el miercoles       ******     Fecha: 12/11/2014   --   Atendido Por: MERY  estaba dada de alta, estuvo con cefalexina y hoy aparecio con un sangrado y inflamada la herida de la mordida, sale sangre pura, limpio y coloco iodo en el orificio, coloco dexa + dipenisol + vit k,cambio a enrrofloxacina 150 mg cada 12 horas,volver a control mañana.       ******     Fecha: 13/11/2014   --   Atendido Por: MERY  continua inflamada la herida, se realiza lavaje de iodo dentro de la herida, sale un poco menos de sangre,aplico dexa + dipenisol,mañana control y evaluar de dar comprimidos de antiinflamatorio.       ******     Fecha: 14/11/2014   --   Atendido Por: MERY  bajo un poco la inflamacion pero continua,realizo lavaje con iodo,repito de nuevo dexa + dipenisol + ivermectina(esta en el patio la perra, por las moscas)         ******     Fecha: 15/11/2014   --   Atendido Por: EUGE  peso: 22, 850 kg  esta sequito seguir con enro 150 mg  1 compr cada 12 hs  control martes       ******     Fecha: 17/11/2014   --   Atendido Por: CLARA  Esta con vomitos, hoy se levanto y habia un charco enorme de vomito, temp 38, no hay dolor abdominal, puede estar con gastritis por toda la medicacion, se hace gastrine inyectable y se recomienda bajar la enro cada 24 en vez de cada 12. viene mañana al control q habia quedado de todos modos,           ******     Fecha: 18/11/2014   --   Atendido Por: EUGE  sigue con vomtos, se extra sangre para analisis. se mide glucemia: 102 mg/ml. se repite gastrine+ayuno de solidos.       ******     Fecha: 19/11/2014   --   Atendido Por: CLARA  Resultados analisis se sangre:  Hto:32  GR:4.571.429  GB:15.200(5.000-15.000)  NS:11.400 (3.000-11.000) se observan algunos neutrofilos toxicos.  Creati:1.3  urea:70  GPT:18  FAL:266       ******     Fecha: 20/11/2014   --   Atendido Por: CLARA  vomito hoy un poquito el agua, el alimento anoche lo tolero, y ayer hizo una materia fecal diarreica muy oscura como con sangre digerida, hoy ya hizo mas clarita y normal. sin dolor abdominal, temp 38ºC. se repite gastrine y se recomienda seguir con antiacido via oral.        ******     Fecha: 22/11/2014   --   Atendido Por: EUGE  pantoprazol  40 mg 1 compr cada 24  hs - trajo materia fecal para copro    esta  con diarrea .       ******     Fecha: 22/11/2014   --   Atendido Por: CLARA  resultado copro:negativo       ******     Fecha: 17/10/2015   --   Atendido Por: MICA  20.500 kg . sta con vomitos hace 4 dias al principio largaba toda la comida y ahora son vomitos amarillo. le estuvo dando ella ranitidina 1/2 comprimido de 150 mg y arroz. sigue con los vomitos. en junio se le hizo mastectomia pero no aca. palpacion abdominal tiene los intestinos distendidos no hay dolor abdominal. tep 38.5. se indica ayuno hasta el control de la tarde solo cucharaditas soperas de agua cada hora a partir de la siesta . si vomita se supende. tto: gastrie + hepatone. control por la tarde !!       ******     Fecha: 17/10/2015   --   Atendido Por: LAU  t:38.5ºC. siguio con vomitos, mucha cantidad, no tolero el agua. abdomen con dolor, buscapina iny, se repite gastrine, al tacto rectal no muestra dolor y mat fecal consistencia y aspecto normal.ayuno!!control el lunes o sino llamar a euge mña.        ******     Fecha: 19/10/2015   --   Atendido Por: EUGE  eco: higado homogeneo, hipoecocico difuso, bordes redondeados, proceso inflamatorio difuso activo. vesicula: contenido anecoico, agrandado, distendido inflamatorio. TGI: contenido escaso, pared edematizada, transito positivo, gastroenteritis. pancreas: 1.38 cm, engrosado inflamatorio difuso activo. demas org s/p. "
36/1,"       ******     Fecha: 27/11/2010   --   Atendido Por: EUGE  Tº 38. Vómitos. decaimiento. Sin dolor abdominal. Diarrea hemorragica. Lagañas. Hidratacion 1. Tto: Ivermectina 0.8 ml + Reliveran + Ranitidina+ Enrofloxacina.   Mjo: Agua solamente.  Control a la tarde  Peso: 14 kg.   Vomito 2 veces mas, mucosas hidratadas. Sin dolor abbominal. Tº 38.5. Ayuno completo hasta mañana. Tto: Pileran + Ranitidina       ******     Fecha: 28/11/2010   --   Atendido Por: EUGE  Mejor       ******     Fecha: 29/11/2010   --   Atendido Por: EUGE  Esta mucho mejor. No hay vomitos. Tto: 1/2 comprimido Enrofloxacina (150mg.) cada 24 hs durante 8 dias + recovery         ******     Fecha: 07/12/2010   --   Atendido Por: EUGE  Muy bien, se le da el alta. Recomienda vacunar en la semana              ******     Fecha: 04/10/2021   --   Atendido Por: SEBA  Peso 23,65 kg  Tº    Lo trae porque ''le pego el viejazo''    Tiene alguna dificultad para movilizar el tren posterior.  Hace muycho tiempo que claudica con el MP derecho.    Come, toma.Defeca y orina normalmente.  Come de todo...    No hay dolor irradiado en la zona lumbosacra  Dolor a la flexo extension de la cadera...  Propiocepcion conservada...  Atrofia musculos MP...    TT:Dexa y tramadol. Sosten cg INY.          Control mañana.       ******     Fecha: 05/10/2021   --   Atendido Por: SEBA  Ha mejorado muchisimo.  Camina, soporta el peso con los dos MP.    TT:lleva predni 20 mg 1/2 comp 4/4  COntrol el martes.       ******     Fecha: 08/10/2021   --   Atendido Por: SEBA  Llamo para contar que esta muy bien.  Sigue mejorando.  Seguimos segun el plan.  Control el martes       ******     Fecha: 12/10/2021   --   Atendido Por: SEBA  Se lo ve caminar mucho mejor auqneu se nota que tiene problemas para desplazarse.  Ha recuperado fuerza...se sostiene en dos patas.  Cuentan que lo ven mas animado.  Hace mucho pis.  Sigue con 1/2 comp de predi de 20 mg 1 semana mas.  Control el martes(repetir el sosten cg).       ******     Fecha: 20/10/2021   --   Atendido Por: SEBA  Sigue muy bien.  Hoytoma la ultima predni.  Avisa si sigue bien.  TT:sosten cg.         ******     Fecha: 27/10/2021   --   Atendido Por: SEBA  Paso a comprar predni porque dice que volvio a decaer...  Predni 20 mg 1 comp hoy.  !/2 comp c/12 hs. una semana y llamar.       ******     Fecha: 05/11/2021   --   Atendido Por: SEBA  Esta mejor.  Desde hoy le va a dar 1/2 comp de predni 20 mg c 24 hs.    Una semana y llamar.  TT;sosten cg  cntrol el 15 dias       ******     Fecha: 13/11/2021   --   Atendido Por: SEBA  LLamo contando que esta perfecto.    COmienza con 1/4 de predni c/214 hs.    COntrol en 7 dias.       ******     Fecha: 19/11/2021   --   Atendido Por: SEBA  Esta muy bien...sigue con 1/4 de predni por dia una semana mas y luego baja a 1/4 c/48 hs.  Asi se va a mantener.  Se sugiere hacer un analisi de sangre.    TT:Sosten cg 1 ml.  COntrol en 15 dias.       ******     Fecha: 29/11/2021   --   Atendido Por: SEBA  Llamo contando que esta perfecto.  SIgue con predni 20 mg 1/2 comp c/48 hs       ******     Fecha: 06/12/2021   --   Atendido Por: SEBA  Sosten cg      Esta mepezando a claudicar.  LE duele la cadera.        Llama en un asemana.  COntrol el 15 dias       ******     Fecha: 21/12/2021   --   Atendido Por: SEBA  Esta con 1/4 de predni de 20 mg c 48 hs.        TT:sosten cg 1 ml  COntrol en 15 dias.       ******     Fecha: 15/01/2022   --   Atendido Por: EUGE  sosten cg 1 ml iny   control en 15 dias        ******     Fecha: 31/01/2022   --   Atendido Por: SEBA  PEso 23,4 kg      SOsten cg         ******     Fecha: 15/02/2022   --   Atendido Por: SEBA  Peso 26 kg     sosten cg       ******     Fecha: 14/03/2022   --   Atendido Por: EUGE  peso; 25, 650 kg  sosten cg  iny 1, 5 ml   control en 15 dias        ******     Fecha: 11/04/2022   --   Atendido Por: EUGE  peso; 26, 600 kg sosten cg 1, 5 ml   traer en 15 dias       ******     Fecha: 28/04/2022   --   Atendido Por: EUGE  sosten cg iny   prednosolona 20 mg 1/2 compr cada 24 hs        ******     Fecha: 17/05/2022   --   Atendido Por: EUGE  peso; 26, 900 kg  sosten cg inyectable   prednisolona 1/2 compr cada 24 hs        ******     Fecha: 03/06/2022   --   Atendido Por: EUGE  peso; 27,900 kg    sosten cg   empezar nuevamente con prednisolon 20 mg 1/2 compr cada  24 hs   se indica bajar de peso          ******     Fecha: 22/06/2022   --   Atendido Por: EUGE  sosten cg        ******     Fecha: 09/07/2022   --   Atendido Por: EUGE  peso; 28, 200 kg   sosten cg  iny   se indica extraccion de sangre para controlar el riñon        ******     Fecha: 02/08/2022   --   Atendido Por: EUGE  la traen para el sosten cg iny    1,5 ml       ******     Fecha: 18/08/2022   --   Atendido Por: EUGE  peso; 29, 800 kg        ******     Fecha: 01/09/2022   --   Atendido Por: EUGE  sosten cg inyectable 1,5 ml        ******     Fecha: 21/09/2022   --   Atendido Por: EUGE  sosten iny 1,5 ml        ******     Fecha: 17/10/2022   --   Atendido Por: EUGE  peso: 30, 800 kg   sosten cg ing 1, 5 ml          ******     Fecha: 01/11/2022   --   Atendido Por: NATI  pv 30.25  sost cg iny 1.5ml       ******     Fecha: 01/12/2022   --   Atendido Por: EUGE  peso; 30, 500 kg  sosten cg iny  1, 5 ml        ******     Fecha: 25/01/2023   --   Atendido Por: NATI  sosten cg 1.5ml  se recomienda disminuir dosis de corticoide 1/4 cada 12hs o 1/2 cada 48hs, ya que comenta que viene muy bien, tambien el chequeo sanguineo para evaluar riñones  vuelve en 15 dias        ******     Fecha: 09/02/2023   --   Atendido Por: EUGE  sosten cg iny   prednisolona 20 mg 1/2 compr cada 48 hs   peso; 31, 500 kg        ******     Fecha: 06/03/2023   --   Atendido Por: CHIARA  pv 31.500 kg  sosten cg iny 1.5 ml  pelo hirsuto  hablamos de hacerle analisis de sangre para evaluar riñones y tiroides  tambien hablamos de cortar el corticoide (le vienen dando hace 1 año aprox) y empezar sino con un neuroprotector       ******     Fecha: 28/03/2023   --   Atendido Por: CHIARA  pv 31.400  extraccion de sangre t4 y chequeo gral   sosten cg iny          ******     Fecha: 20/04/2023   --   Atendido Por: CHIARA  28/03 labo = hipotiroidismo   esta tomando t4F 1/2 comp por dia en ayuno  viene ahora por sosten cg iny  la semana que viene toca control tiroideo        ******     Fecha: 10/05/2023   --   Atendido Por: LU  Sosten CG 1,5 ml  Toma 1/2 comp de T4F       ******     Fecha: 29/05/2023   --   Atendido Por: EUGE  Extraccion sangre p/ control T4 libre   Artrosan 1,5 ml (no hay sosten)       ******     Fecha: 01/06/2023   --   Atendido Por: EUGE  T4 libre: 2,12ng/dl (0,8-1,8)  Se mantiene la misma dosis, control en 2 meses       ******     Fecha: 18/08/2023   --   Atendido Por: LU  viene con la encia sangrando, mucha cantidad  se hace coagulante+dexa+enro, corto el sangrado, sigue con enrofloxacina 150 mg 2 comp c/24 hs  "
38/1,"       ******     Fecha: 12/01/2009   --   Atendido Por: EUGE  No podia hacer materia fecal. La materia fecal muy dura. Tto: Vaselina         ******     Fecha: 23/02/2009   --   Atendido Por: EUGE  Control preñez. Tº 38. Servicio 28/12         ******     Fecha: 20/10/2011   --   Atendido Por: EUGE  claudicacion de miembro ant izqu   tto:  dexa+ tramadol    control mañana         ******     Fecha: 25/10/2011   --   Atendido Por: NOE  dice que por ahi no apoya,aca no expresa dolor a la manipulacion del miembro.controlar       ******     Fecha: 30/08/2018   --   Atendido Por: CLARA  pv:5.150kg, mordia en hocico, tto: dexa, tramadol, dipenisol, sigue con cefa 500 1/4 cada 12+ previcox 57 1/2 cada 24"
39/1,       ******     Fecha: 28/07/2010   --   Atendido Por: EUGE  Atropellado por auto. Herida en la ingle y testiculo. Tto: dexametasona + Cefalexina 1 comp cada 12 hs       ******     Fecha: 31/07/2010   --   Atendido Por: EUGE  Se saco los puntos. Control miércoles se termino de sacar puntos
39/2,       ******     Fecha: 31/05/2010   --   Atendido Por: EUGE  Tº39. Deshidratacion. Hace 15 dias que esta con vomitos y diarrea. Decaimiento. Mucho dolor abdominal. Extraccion de sangre. Tto: Prednisolona 20mg. 1/2 comp cada 12 hs + Omeprazol.       ******     Fecha: 18/12/2010   --   Atendido Por: EUGE  Parche caliente en MPD. Alopecia en las orejas y ojos. Tto: Ivermectina 0.05 ml + Pyoderm 1/2 comprimido cada 12 hs. Ctrl: Miércoles     
39/3,"       ******     Fecha: 14/07/2010   --   Atendido Por: EUGE  Lo notan decaido, se esta tratando en otra vete por sarna, le colocaron Ivermectina 0.5ml + Hidroxicina (antihistaminico) 1/2 comp cada 8 hs + Baños con Sarnol 1 vez por semana. Al examen fisico no se nota ninguna anormalidad. Tº 38.5 Mucosas bien. Animo Activo, dicen que tiembla mucho como si tuviera frio, solo tiembla cuando se lo sube a la camilla. COntrolar NO tiene vacunas.         ******     Fecha: 17/12/2010   --   Atendido Por: EUGE  Decaimiento. Tº 39.5 Vomitos. Diarrea con sangre. Muy flaco. DOlor abdominal. Tto: Internacion.         ******     Fecha: 20/12/2010   --   Atendido Por: EUGE  Se va de alta. Tto: dieta (lata de intestinal + agua) Ctrl. Mañana.         ******     Fecha: 21/12/2010   --   Atendido Por: EUGE  Anoche vomito. Hoy toma agua y no hay vomito. Esta inapetente. No hay dolor abdominal. Tto: Enrofloxacina. Sigue con vomitos. Ctrl. A la tarde o mañana"
39/4,"       ******     Fecha: 06/09/2010   --   Atendido Por: EUGE  Bastante flaco. Presenta alopecias en los miembros. Se rasca. Estuvo en contacto con una perra con sarna. Tiene tumores en la zona del ano, es bastante grande y ulcerado. Tto: Ivermectina 1.5ml + Pyoderm 1 comp cada 12 hs"
40/1,"       ******     Fecha: 25/10/2007   --   Atendido Por: EUGE  Copro negativo         ******     Fecha: 09/03/2008   --   Atendido Por: EUGE  Alopecia periauricular ojo izquierdo. Raspaje +: demodex. Tto: Ivermectina         ******     Fecha: 11/03/2008   --   Atendido Por: EUGE  Ivermectina + SRE         ******     Fecha: 20/03/2008   --   Atendido Por: EUGE  Heridas por pretal en axilas. Tto: Dipenisol + Dexametasona ( Cefalexina + Curabichera)         ******     Fecha: 09/12/2011   --   Atendido Por: NOE  peso:8.500kg       ******     Fecha: 30/05/2014   --   Atendido Por: CLARA  peso:8.400kg       ******     Fecha: 29/11/2014   --   Atendido Por: MERY  hace unos dias que la notan decaida y no saben si come, al examen clinico se le notan las mucosas muy palidas casi blancas, aconsejo internacion e examen de sangre, no pueden,receto anemidox una ampolla por dia y el lunes le hacen analisis de sangre y ver como seguimos.       ******     Fecha: 01/12/2014   --   Atendido Por: CLARA  comio, le cocinaron higado y comio bien, toma mucha agua pero sigue decaida. temp 38ºC. se extra sangre para analisis, sangre muy liquida, poca coagulacion       ******     Fecha: 02/12/2014   --   Atendido Por: CLARA  resultados laboratorio:  hto:7  GR1.000.000 HB:1.6  VCM:70  HCM:16  CHCM:23 NS:17.596 Linf:3.180  se observa hipocromia 4+, anisocitosis:3+, esferocitos:2+, presencia de GR nucleados  Rec reticulocitario: 0.6 ANEMIA ARREGENERATIVA O DEPLECION MEDULAR  creati:1.2  urea:88.1  GPT:21  FA:134         ******     Fecha: 02/12/2014   --   Atendido Por: CLARA  esta muy decaida, no esta comiendo, solo toma agua. se hace dexa, enro y dipenisol inyectable. control x la tarde         ******     Fecha: 03/12/2014   --   Atendido Por: EUGE  se hace frotis de sangre perifericapara descartar parasitos sanquineos. tto:dexa, enro y dipenisol."
10/1,"       ******     Fecha: 26/02/2011   --   Atendido Por: EUGE  Basken suspension por 3 dias. Materia fecal blanda, solo le dan leche. Tto: cortar leche. Dar balanceado con un poco de arroz. Lleva Sieger         ******     Fecha: 18/08/2011   --   Atendido Por: NOE  hace 2 dias que no quiere,esta flaco,no hay dolor abdominal,ayer estuvo con arcadas.tº38.5tto:pileran pesos:2.600kg.control mañana         ******     Fecha: 19/08/2011   --   Atendido Por: NOE  lo nota un poquito,mejor,todavia no quiere comer pero se interesa por la comida,no vomito,no hizo diarrea.se desparasita.control a la tarde,si sigue igual se intica analisis de sangre.    llamo dice que comio un poquito de pollo,no vomito.control mañana         ******     Fecha: 20/08/2011   --   Atendido Por: EUGE  mucho mejor  - traer materia fecal         ******     Fecha: 27/08/2011   --   Atendido Por: NOE  lo nota mal,ayer y antes de ayer vomito la comida,esta muy flaco,se palpa un cuerpo extraño de consistencia dura 2.200kg tto:enro+vaselina       ******     Fecha: 16/04/2016   --   Atendido Por: EUGE  peso: 4, 200 kg  esta muy flaco , no come , lleno de pulgas , mucosas palidas  temp: 37  tto: complejo b + gastrine + hepatone + confortis !!     se indica extraccion de sangre   van a ver por lo economico   control lunes "
42/1,"       ******     Fecha: 02/01/2011   --   Atendido Por: EUGE  Piodermias. Tto: cefalexina + Dexametasona         ******     Fecha: 22/02/2012   --   Atendido Por: NOE  bichera en mama abdominal peso:38.200kg tto.dexa+enro 150 2 comp. cada 24hs.control mañana         ******     Fecha: 28/02/2012   --   Atendido Por: NOE  esta mejor,pero le cortaron los atb supura de la herida.tto:pyoderm 500mg 2 comp. cada 12hs       ******     Fecha: 06/03/2012   --   Atendido Por: EUGE  seguir con antib   control sabado       ******     Fecha: 11/12/2021   --   Atendido Por: EUGE "
37/2,"       ******     Fecha: 23/02/2011   --   Atendido Por: EUGE  Peso:2.5 kg.       ******     Fecha: 04/01/2012   --   Atendido Por: EUGE  peso: 4, 400  kg"
45/1,"       ******     Fecha: 08/11/2010   --   Atendido Por: NOE  esta con tos,reflejo tusigeno ++. tto:dexa+prednisolona 20 mg. peso:25kg           ******     Fecha: 07/03/2011   --   Atendido Por: NOE  desde ayer que esta con vomitos y diarrea con sangre tª38,no hay dolor abdominal,mucosas ok. tto:pileran+ranitidina+enro inyectable.traer materia fecal         ******     Fecha: 08/03/2011   --   Atendido Por: NOE  no volvio a vomita,ni hacer diarrea.tto:enro 150mg 1 1/2comprimido cada 24 hs         ******     Fecha: 25/04/2011   --   Atendido Por: EUGE  peso: 27  kg       ******     Fecha: 29/05/2012   --   Atendido Por: DANI  Peso: 21Kg. Tr 38.2. Lo traen porque defeco una diarrea muy acuosa y mal oliente. Estaba bien de animo, comia bien hasta hoy que no quizo comer y esta decaida. Vomita espuma hoy a la mañana. hay dolor abdominal a la palpacion. No hay borboritmos intestinales. Lo desaparitaron hace un mes. Esta muy flaca. Mucosas palidas.   ecografia: enterocolitis-   linfoadenomegalia  resto normal  - extraccion de sangre            ******     Fecha: 30/05/2012   --   Atendido Por: EUGE  sigue igual -sin vomitos- sin diarrea - molestia abdominal    tto: dipenisol + tramadol             ******     Fecha: 01/06/2012   --   Atendido Por: EUGE         ******     Fecha: 03/08/2012   --   Atendido Por: EUGE  peso: 23, 00 kg  "
46/1,"       ******     Fecha: 09/03/2011   --   Atendido Por: NOE  la trae porque nota que le cuesta levantarse y caminar,ayer estuvo hechada todo el dia y vomito una vez,dice que esta con arcadas.  es una perra exedida de peso,esta con dolor en las caderas,tº39,reflejo tusigeno negativo pero aparenta ser una traqueitis,tambien esta con otitis.  tto:pileran+ranitidina+dexa+tramadol,no lleva otiflex porque tiene poca$$.control mañana       ******     Fecha: 10/03/2011   --   Atendido Por: NOE  mucho no sabe porque no esta casi en la casa y no pregunto mucho,pero dijo q la vieron mejor,sigue con tos.tto:prednisolona 20mg 3/4 comprimido cada 12hs.control sabado         ******     Fecha: 27/04/2012   --   Atendido Por: EUGE  temp: 38, 5   no quiere comer +   propiosec  negativo -   caderas con mucho dolor     extraccion de sangre   tto  : previcox  1 compr por dia  + colotrin 1 compr      dexa + tramadol          ******     Fecha: 02/05/2012   --   Atendido Por: EUGE  temp: 38  propiosc negativa - le cuesta levantarse -    come mejor -   tto : dexam 3 ml - grupo b -   dipenisol  5 ml            ******     Fecha: 28/05/2012   --   Atendido Por: EUGE  secrecion por vulva   tto: piometra "
47/1,"       ******     Fecha: 09/03/2011   --   Atendido Por: NOE  la trae por que dice que vomito 3 veces,primero comida y despues agua,hace un rato se le habia dado el antiparasitario que tbm lo vomito.tto:pileran+ranitidina +ayuno de agua.control mañana       ******     Fecha: 28/10/2011   --   Atendido Por: NOE  esta con otitis en el oido derecho,esta con un pocode secrecion tto:clorhexpro cada 24hs       *  *****     Fecha: 29/10/2011   --   Atendido Por: EUGE  se extrajo mucha secrecion  + dolor  tto: dexam +  seguir con  las gotas    contro lunes         ******     Fecha: 01/11/2011   --   Atendido Por: NOE  esta con un poco menos de secrecion,no hay dolor.control miercoles         ******     Fecha: 14/12/2011   --   Atendido Por: NOE  otitis en el oido derecho tto:dexa+otiflex c y limpiador         ******     Fecha: 15/12/2011   --   Atendido Por: NOE  esta con dolor perdnisolona 10mg 1/4 comp. cada 12hs         ******     Fecha: 17/12/2011   --   Atendido Por: NOE  esta un poco mejor,sigue con secrecion         ******     Fecha: 20/12/2011   --   Atendido Por: NOE  esta mejor         ******     Fecha: 18/02/2012   --   Atendido Por: NOE  hizo 2 veces pis con sangre,no hay dolor abdominal.buen animo,tº38. peso:4.600kg tto:1 comp. enro 50mg cada 24hs.control lunes         ******     Fecha: 24/02/2012   --   Atendido Por: NOE  esta mucho mejor         ******     Fecha: 11/04/2012   --   Atendido Por: NOE  peso:4.850kg         ******     Fecha: 16/08/2012   --   Atendido Por: NOE  peso:4.750kg lleva para 2da toma de antiparasitario       ******     Fecha: 24/12/2012   --   Atendido Por: NOE  lleva antiparasitario         ******     Fecha: 18/05/2013   --   Atendido Por: EUGE  peso: 5, 300 kg   esta con otiflex + otiflex limpiador  + prednisolona 1/4  compr cada 12 hsa  por 3 dias  y bajar       ******     Fecha: 24/05/2013   --   Atendido Por: EUGE  otitis del oido izq. Se le indico 1/4 de cefalexina c/12hs. Otiflex.  El lunes control.       ******     Fecha: 08/06/2013   --   Atendido Por: MARCE  limpieza-. No hay secrecion. seguir tres dias mas con otiflec c.       ******     Fecha: 14/01/2014   --   Atendido Por: ESTEBAN  Peso: 5,000 Kg        ******     Fecha: 14/01/2015   --   Atendido Por: CLARA  pv: 5.350kg       ******     Fecha: 18/01/2018   --   Atendido Por: CECI  pv:6,2 kgs  secrecion marron en oidos       ******     Fecha: 19/01/2021   --   Atendido Por: SEBA  Peso 8,1 kg  Tº       Tiene tumores en las mama(dos)  Estuvo en celo hasta la semana pasada.  Come mucho y toma mucho agua...(orina muchisimo).    Soplo cardiaco...      Se indica analisis de sagngre y consulta cardiologica  control el jueves       ******     Fecha: 21/01/2021   --   Atendido Por: EUGE  extraccion de sangre          ******     Fecha: 25/01/2021   --   Atendido Por: EUGE  glucemia 420   peso: 7, 400 kg   empezamos con caninsulin 0,1 ml cada 24 hs   alimento de royal diabetic 150 mg  dividido en dos comidas  sangrado por nariz   verugas lastimada en cuello  cataratas   tto: dexa   coagulante   cefalexina  500 mg  1/2 compr cada 12 hs   control martes  ( primer control )"
50/1,"       ******     Fecha: 16/05/2006   --   Atendido Por: EUGE  tos con intentos de espectoracion tº38.5,refelejo tusigeno ++  tto:dexa+dipenisol+bromexina         ******     Fecha: 29/12/2010   --   Atendido Por: EUGE  tiene lastimado la base de la cola tto:dexa+cefalexina 1 comprimido c/12hs+frontline         ******     Fecha: 09/03/2011   --   Atendido Por: NOE  anovulatorio (pronal)         ******     Fecha: 16/08/2011   --   Atendido Por: NOE  peso:24.300kg         ******     Fecha: 13/01/2012   --   Atendido Por: EUGE  peso: 22kg    anikil  - se llevo colotrin para las caderas         ******     Fecha: 23/07/2012   --   Atendido Por: NOE  entro en celo lleva clormadinona       ******     Fecha: 06/12/2013   --   Atendido Por: ESTEBAN  Peso: 24,900 Kg        ******     Fecha: 07/07/2015   --   Atendido Por: LAU  pv:17.6 kg. t:38.7ºC. la trae por que renguea. claudicacion de apoyo en miembro anterior izquierdo. a la revisacion no muestra dolor en ninguna articulacion en particular ni en niguna zona. tiene sensibilidad sup. ya toma cartilago forte. dice que toma mucha gua y hace mucho pis con olor, se recomienda analisis de sangre para evaluiar riñones. previcox 227 mg 1/2 comp c/24 hs por 3-4 dias. control el viernes. "
51/1,"particularidad: 1 testiculo retenido         ******     Fecha: 18/02/2011   --   Atendido Por: NOE  hace 3 dias que lo ven mal,esta con diarrea amarillento y tuvo un par de vomitos,tº39,esta con un poco de dolor abdominal.  tto:buscapina+pileran+ranitidina+dieta de arroz con carne peso:4.700kg         ******     Fecha: 19/02/2011   --   Atendido Por: EUGE  diarrea con sangre+vomitos,esta decaido tª40,mucho dolor abdominal.  tto:hepatioc+ranitidina+pileran+enro.control a la tarde,extraccion de sangre    analisis de sangre: gr:7.280.000 hto:52 hb:18 gb:18.400 se observan neutrofilos toxicos  creat:0.5 gpt:186 fal:212    no volvio a vomitar tº38.5,ayuno de solido hasta mañana.tto:buscapina+pileran+ranitidina+enro.control mañana a la tarde"
52/1,"       ******     Fecha: 13/10/2010   --   Atendido Por: NOE  otitis unilateral del oido izquierdo.tto:dexa + otiflex limpiador +otiflex c.control mañana         ******     Fecha: 15/10/2010   --   Atendido Por: NOE  sigue muy inflamado el conducto tto:prednisolona 20mg peso:25kg         ******     Fecha: 02/03/2011   --   Atendido Por: NOE  manquea el MAD,al examen hay un poco de dolor a la altura del hombro.tto:previcox, control viernes         ******     Fecha: 06/05/2011   --   Atendido Por: EUGE  claudicac de miembro post derecho  donde tiene hecho un ablacion de la cabeza del femur  tto: dexam + tramadol control mañana         ******     Fecha: 07/05/2011   --   Atendido Por: EUGE  seguir con colotrin - previcox 1 compr cada 24 hs         ******     Fecha: 10/05/2011   --   Atendido Por: NOE  esta mucho mejor,apoya la pata,hoy le dio la ultima pastilla de previcox,indico seguir con el colotrin.control viernes         ******     Fecha: 13/05/2011   --   Atendido Por: NOE  esta muy bien,lleva 1 tira de colotrin         ******     Fecha: 28/12/2012   --   Atendido Por: EUGE  otitis bilateral mucha  secresion negruzca mas del lado derecho. tto:dexa + otiflex+ otiflex limp+prednisolona 20mg. 1/2 cada 12hs.         ******     Fecha: 31/12/2012   --   Atendido Por: EUGE  esta muy bien seguir con limpieza    control sabado       ******     Fecha: 03/02/2016   --   Atendido Por: EUGE  otitis bilateral con secrecion negruzca , piodermia en el cuello   tto:  prednisolona q comenzo a darle hace 4 dias  predni 20  + otiflex c  + tritohoxidinn  +   cefalexina 1000 mg 1 compr cada 12 hs  "
53/1,"       ******     Fecha: 09/03/2011   --   Atendido Por: EUGE  peso: 18,5 kg         ******     Fecha: 26/01/2012   --   Atendido Por: EUGE  peso: 34 kg      anikil       ******     Fecha: 15/09/2014   --   Atendido Por: CLARA  Peso: 39kg."
54/1,"       ******     Fecha: 10/03/2011   --   Atendido Por: NOE  lo trae para vacunar,esta con otitis bilateral sin secrecion parece mas alergica,conducto muy inflamado.tto:dexa peso: 1.600kg.control mañana         ******     Fecha: 11/03/2011   --   Atendido Por: NOE  esta mucho mejor tto:dexa..lleva frontline"
55/1,"       ******     Fecha: 10/03/2011   --   Atendido Por: NOE  tiene un plan sanitario hecho en otra vet,vacunas colocadas: parvovirus-coronavirus  quintuple (23-11)+parvovirus-coronavirus (08-12) peso:22kg         ******     Fecha: 21/10/2011   --   Atendido Por: NOE  hace un rato se peleo con un perro,tiene la oreja derecha lastimada.peso:29.400kg tto:dexa+ enro 150mg 1 1/2 comp. cada 24hs.control mañana"
56/1,"       ******     Fecha: 10/03/2011   --   Atendido Por: EUGE  temp  39,oo  decaimiento- vomitos- diarrea, cambio brusco de alimento-  tiene una sola quintuple hace cinco dias-  no hay dolor abdominal trat: pileran-ranit- buscap         ******     Fecha: 01/04/2011   --   Atendido Por: NOE  peso:8.700kg         ******     Fecha: 25/04/2011   --   Atendido Por: NOE  peso:13.200kg         ******     Fecha: 01/09/2011   --   Atendido Por: NOE  peso:32.100kg         ******     Fecha: 09/09/2011   --   Atendido Por: EUGE  tos de las perreras tto:dexa+prednisolona         ******     Fecha: 12/09/2011   --   Atendido Por: NOE  esta muy bien,casa no tose.control jueves       *  *****     Fecha: 21/09/2011   --   Atendido Por: EUGE  tiene mucho prurito - raspaje negativo  -  putulas en abdomen - alergia por contacto?  durme arriba de una colchones de lana     digo de sacarla -    tto: dexam-  cefalexina  1000 mg 3/4  compr cada 12 hs    control mañana          ******     Fecha: 22/09/2011   --   Atendido Por: NOE  se dejo de rascar,esta mas seco,no hay casi pustilas en abdomen.control sabado         ******     Fecha: 30/09/2011   --   Atendido Por: NOE  empezo con prurito de nvo,tiene parche caliente en uno de los codos tto.enro 150mg 1 1/2 comp. cada 24hs+prednisolona 20mg 1/2 comp.cada 12hs +dexa         ******     Fecha: 18/10/2011   --   Atendido Por: NOE  peso:33.200kg,esta con mucho plurito,axilas, abdomen muy irridado al contacto con la mano empeza a rascase,hay un poco de alopecia en MP.tto:ivermectina         ******     Fecha: 25/10/2011   --   Atendido Por: EUGE  ivermectina           ******     Fecha: 02/11/2011   --   Atendido Por: EUGE  ivermectina  2,5 ml   esta  ok no se rasca mas          ******     Fecha: 08/11/2011   --   Atendido Por: NOE  ivermectina ultima dosis       ******     Fecha: 31/10/2012   --   Atendido Por: ESTEBAN  Peso: 35,100 Kg. Consulta por vomitos y decaimiento. El propietario cree que comio basura. A la palpacion hay dolor abdominal marcado, Tº normal. Se medico con buscapina y pileran. Se indico ayunto total. Regresa a control hoy por la tarde.   pago la quintiple+antirabica+4 comp. de basken 60         ******     Fecha: 31/10/2012   --   Atendido Por: NOE  esta  muy bien,no volvio a vomitar,no hay dolora abdominal.mañana empezar con solido si no vomito y control viernes       ******     Fecha: 09/08/2013   --   Atendido Por: ESTEBAN  Peso: 35, 000 Kg Se peleo con otro perro, tiene todo el hocico inflamado con varias heridas perforantes. Se realiza limpieza y desinfec. Se medica con Dexa+tramadol y dipenisol. Se dan comprimidos de prednisolona 20 mg 1 compr c 12 hs y enro 150 mg 2 compr por dia. Control el lunes.        ******     Fecha: 17/08/2013   --   Atendido Por: EUGE  peso: 32 kg   herida humeda , seguir  con antibiotico  durante 10 dias        ******     Fecha: 05/09/2013   --   Atendido Por: MARCE  peso 36kg Hay una deformacion en la parrilla costal iz. Se punza y sale liqu sero sanguinolento, se haceun tajo. Enro 150mg 1y 1/2 comp c/24hs. Control lunes."
57/1,"       ******     Fecha: 10/05/2010   --   Atendido Por: EUGE  absceso en MP + herida tto:dexa 0.3ml+dipenisol 0.5ml  lleva cefalexina suspension 1.5ml c/12hs por 10 dias            ******     Fecha: 26/05/2010   --   Atendido Por: EUGE  castracion         ******     Fecha: 09/06/2010   --   Atendido Por: NOE  se infecto e invagino la herida de la castracion tto:punto +dexa+dipenisol         ******     Fecha: 05/07/2010   --   Atendido Por: EUGE  alopecia en la cara caudal del muslo c/costras tto:crema 6A 3 veces al dia.tiene muchas pulgas         ******     Fecha: 10/03/2011   --   Atendido Por: NOE  absceso en el MAI,en la zona ventral de la pata (entre las almohadillas) esta drenando,a su vez en dorsal tiene un bolidita de consistencia fluctuante..tiene la pata inflamada.tto:dexa+dipensiol.control mañana           ******     Fecha: 11/03/2011   --   Atendido Por: NOE  drena menos,esta mas desinflamado,sigue la bolita en dorsal,punzo y sale mucha pus,se hace un trajito para que drene.tto:cefalexina suspension 2ml c/12hs.control mañana         ******     Fecha: 16/03/2013   --   Atendido Por: EUGE  "
57/2,"       ******     Fecha: 18/11/2010   --   Atendido Por: EUGE  reaccion anafilactica,edema en labios tto:dexa pseo:6kg"
58/1,"       ******     Fecha: 10/03/2011   --   Atendido Por: EUGE  ovariohisterectomia tto:dexa+ enro         ******     Fecha: 18/04/2012   --   Atendido Por: NOE  la atropello un auto,esta muy dolorida al tacto se palpa fractura en el piso de la pelvis y MPD parece luxado tto:se internar     "
60/1,       ******     Fecha: 10/03/2011   --   Atendido Por: EUGE  tº40 decaimiento+dolor abdominal tto:enro+buscapina+hepatione peso:7.400       ******     Fecha: 11/03/2011   --   Atendido Por: EUGE  tuvo dos vomitos amarillos-  mejor animo sigue con dolor abdominal trt  : ranitid- pileran- extraccion de sangre.
61/1,"       ******     Fecha: 11/03/2011   --   Atendido Por: NOE  peso: 4,300 kg         ******     Fecha: 14/06/2011   --   Atendido Por: NOE  dejo paga antirabia para simba y quintuple para tonquen         ******     Fecha: 30/12/2011   --   Atendido Por: EUGE  anikil       ******     Fecha: 18/07/2012   --   Atendido Por: NOE  peso:10kg       ******     Fecha: 28/08/2013   --   Atendido Por: ESTEBAN  Peso: 11,100 kg        ******     Fecha: 06/11/2014   --   Atendido Por: MERY  paso:10,500 kg hace un tiempo que lo ven        ******     Fecha: 27/12/2014   --   Atendido Por: CLARA  pv: 10.600kg       ******     Fecha: 07/10/2015   --   Atendido Por: LAU  se lleva pipeta frontline.        ******     Fecha: 11/03/2016   --   Atendido Por: CECI  miembro posterior claudicacion de apoyo   peso: 10, 100 kg   picadura de insecto  tto: dexam        ******     Fecha: 02/11/2021   --   Atendido Por: EUGE  peso; 10, 500 kg   dicen que le cuesta defecar   hernia perineal   se indica cirugia y dieta verduras   no lo pueden operar ahora        ******     Fecha: 01/12/2021   --   Atendido Por: SEBA  Prequirurgico      COrazon s/p.    Glu 71 mg/dl       ******     Fecha: 13/12/2021   --   Atendido Por: EUGE   cirugia hernia perineal derecha   castracion   tto; previcox 227 mg 1/4 compr cada 24 hs   enro 3/4 compr cada 24 hs   control  jueves        ******     Fecha: 15/12/2021   --   Atendido Por: EUGE  tiene la vejiga del lado izquierdo de la herniaperineal   se indica cirugia en 15 dias        ******     Fecha: 21/12/2021   --   Atendido Por: SEBA  Esta comiendo...hoy muy poco.  TOma agua.  PUede orinar.    TIene bastante mf dura.  LA vejiga esta en la hernia.  se vacia      COntrol el viernes       ******     Fecha: 24/12/2021   --   Atendido Por: SEBA  Esta horrible.  Se sca mf no estaba l.a vejiga orina      COntrol el lunes       ******     Fecha: 31/12/2021   --   Atendido Por: EUGE  cirugia hernia perinael derecha y izqyuierda   tto; enro 150mg 3 /4 compr cada 24 hs   control martes        ******     Fecha: 04/01/2022   --   Atendido Por: EUGE  esta muy bien , seguir con enro        ******     Fecha: 05/01/2022   --   Atendido Por: EUGE  supura la herida   dipenisol + dexa   control jueves        ******     Fecha: 06/01/2022   --   Atendido Por: EUGE  est ms sequita   dipenisol   control sabado       ******     Fecha: 08/01/2022   --   Atendido Por: EUGE         ******     Fecha: 10/01/2022   --   Atendido Por: EUGE  estamuy bien   dipenisol   control miercoles        ******     Fecha: 12/01/2022   --   Atendido Por: EUGE  esta muy bien   control lunes "
62/1,"       ******     Fecha: 12/03/2011   --   Atendido Por: EUGE  parece que lo atropello un auto  - paralisis de la cola - miembros post  prop -  ,  sensibilidad disminuida- trat:dexam 3 mg - complejo b - tramadol           ******     Fecha: 26/11/2011   --   Atendido Por: EUGE  hernia diafragmatica -   cirigia   tto: tramadol -  enrofloxacina + dipenisol   seguir con enro 50 mg 1 compr cada 24  hs   "
63/1,       ******     Fecha: 12/03/2011   --   Atendido Por: EUGE  mucha epifora- conjuntivitis  trt: colirio con ester c/ 8 hs + pred 10 mg 1/4 compr cada 12 hs por 5 dias y   BAJAR       ******     Exámen Físico   Fecha: 15/03/2011   --   Atendido Por: EUGE  Temperatura: 38.5 °C   --   Peso:   1.000 Kg.   --   Hidratación: NORMAL  F.C.:   0 /minuto   --   Pulso:   0 /minuto   --   F.R.:   0 /minuto          ******     Fecha: 09/10/2012   --   Atendido Por: EUGE         ******     Fecha: 15/10/2012   --   Atendido Por: NOE  esta con preñez psicologia tomo por 6 dias  relay.esta mejor         ******     Fecha: 31/10/2012   --   Atendido Por: NOE  peso:3.900kg
66/1,      ******     Fecha: 14/03/2011   --   Atendido Por: EUGE       ******     Fecha: 14/03/2011   --   Atendido Por: EUGE 
